year,month,total_revenue,total_orders
2023,10,10951.289999999999,3
2023,12,19332.41,7
2024,1,11644.67,5
2024,2,13631.65,5
2024,3,19187.66,7
2024,4,5429.56,4
2024,5,11339.58,4
2024,6,5766.59,2
2024,7,7877.91,3
2024,8,12246.17,5
2024,9,12072.01,5
2024,10,9639.599999999999,5
2024,11,5451,2
2024,12,8458.33,3
2025,1,9775.41,5
2025,2,9370.08,4
2025,3,17169.96,5
2025,4,970.54,1
2025,5,8839.98,4
2025,6,27533.070000000003,10
2025,7,10570.57,6
2025,9,12273.66,5
