year,month,total_revenue,total_orders
2024,1,11644.67,5
2024,2,13631.65,5
2024,3,19187.660000000003,7
2024,4,5429.56,4
2024,5,11339.580000000002,4
2024,6,5766.59,2
2024,7,7877.909999999999,3
2024,8,12246.17,5
2024,9,12072.01,5
2024,10,9639.6,5
2024,11,5451,2
2024,12,8458.33,3
